x,y,z,r
-39.455234831402464,6.287210750133301,-2.8512894624722946,0.7740399962090163
-2.3951967861262204,6.617803976204787,6.072242089211322,1.9746956084353522
-37.745177575001634,0.19639862063009872,13.43959371934774,0.29039374090210124
8.57754558356492,-9.211347001054147,15.024079072193828,0.9762639711195946
-24.574957617460228,10.503855623872802,5.5345640307250505,0.39527158129175877
-21.771146007756464,14.462321502314602,-6.251357281935892,1.6610548037238826
21.691188316133363,5.733665426258312,-14.204566500167699,1.4153371168774185
0.9264094888898882,13.837516456856477,17.001880864799077,1.6638731782295972
-38.72039098565252,14.288338274282218,-3.9757822898180883,0.5116254983731064
-7.85910822615093,-4.603527870077585,7.333932226295666,1.0968765743832114
-10.16023911272623,-11.681075897110443,-7.923068810231468,0.8031374812867073
-26.78567079202606,9.757715567427969,-18.389735861614255,1.822685066608843
19.377853777377624,6.600135640405586,9.530160871252605,0.6419754252735946
21.23562912689279,10.367503559188552,3.1513261707331637,0.21648102900907115
0.4964408185696385,-0.8157157719019104,-17.75818896015788,0.6210951556058557
-9.349689040824671,-12.155869916239855,8.602491883973393,0.48298662794263647
-27.249337363848433,10.76199624833955,3.389523824668732,1.038738173495134
-38.86859774530757,-14.33715080430621,-10.420940088887347,1.4207557506192923
-40.61750072654487,-0.34241707030680146,5.5811692580082095,0.1759657944428294
19.71647380386753,-4.446785932979626,-16.16535288609496,0.6185746102297048
26.784154968863447,13.3539020979117,-1.9084096828587604,0.9040086447331451
19.138581618507672,-7.089611945958612,15.986435990239201,0.8159347146225544
22.034482352400943,6.984863234699205,16.098267108897268,0.5638768848867545
19.628159137201862,0.5083789673955188,-18.92431684896856,0.6999500429745922
-24.834510385563057,14.264331977780714,17.971285850944497,1.9133619183799286
-2.0107261175325988,-0.5668812285845277,1.7532489863607097,1.9594178152398558
-3.805646760505816,-3.7829830217845632,9.007398147536804,0.669702678961104
4.456678730602775,-3.4012219252793017,-13.664938782126868,0.7962122515916841
8.096130945507738,-9.304037044586824,-8.333853219300007,1.8784353875205302
-1.866849417834942,-0.6352570307646133,-3.706209078342244,1.9498471119932568
-2.1350720152274576,-1.2089738400826917,9.602757710996805,0.573532916991245
26.20465568433049,-14.79550955065736,17.24049317839065,1.9091804309317837
-38.01088887747022,8.854880907212042,5.857220435098824,0.7611578734674629
1.1749414659004174,-3.922757403901336,-13.408781810839239,0.45776908170468966
-40.85175857748213,-2.6377899686196393,-19.365635550301068,0.44486655930123864
-40.12661257050197,-14.539895446545344,-1.7971157200590682,1.2221225197366603
-23.728568892677238,11.988790908478713,-17.91786114888934,1.3243580620301607
-36.37455692709803,-0.8679513172983597,8.301409465113405,1.061189294822599
-40.00898981946612,1.388149440509185,11.056881103005225,0.1850367551022465
1.371571723369435,6.8407052791482315,6.103391070029723,0.5791208983888605
0.9455040897882654,-0.7460582301036354,7.6061519599096705,0.8836793402505492
-22.08550018789974,-15.291789338123055,11.561654363078553,1.0708564308964754
32.204214639621625,13.605762847886758,-18.464264115423745,0.7068430520631602
30.05636943237124,15.046236402425983,16.646841720404865,1.8882380286691154
-41.13768944626433,2.273450221789446,-4.144451323927338,0.40738441352899424
35.73786802259461,13.533133939162198,-17.887499329088676,1.3394505814170448
22.62075657643753,7.387599041491804,-6.354175746746211,1.4276153974426422
-39.21628524893521,13.554487144122284,11.140007613115372,1.8254816142400585
6.641518242190443,-9.266441298637762,7.5233440627181025,0.8822926923266642
-9.223368835101212,-11.067904713454555,7.749592120653066,1.6850659196263664
-39.20938966685028,12.480174800586852,5.7093664268097655,1.054076216354275
-24.777731908687425,-15.306983039854927,-17.701829296308933,1.161492487876472
-38.56809843914624,14.667562023383624,-5.6121590605111304,1.1133843990149042
-38.12716688162158,-3.1813429174433345,-6.701634934740781,1.335720542208198
26.945495691479564,13.580873319073014,16.901789594904564,1.8295947845593432
0.48056657787356727,-1.641150761413975,0.6232675951037407,0.9947705493120484
-11.947120190547388,-12.943900243723721,15.562169241566679,1.1503912232542757
4.990754641242994,-8.548625438296241,8.173063415080335,1.5216249902264682
-8.2641179785154,-12.50317650375771,0.9881322609406418,0.3875224959385509
-35.862095824610535,-0.5336533807443935,-11.765807300252424,0.6628563893371219
-33.44511198783063,0.31537461734778915,11.468241622511115,0.586470273590902
-4.2893241773674475,-1.1209314541755049,9.17410149335523,1.4740244968423872
21.123223675364784,-5.907422736071593,5.639851839109777,1.4206633763139729
3.7057519230358693,-7.0166620555588715,19.36695252309307,1.1770182568948249
-10.751740310833746,-10.407999926546516,11.060527371839342,1.4340704611320707
25.90440103634721,12.414004483478195,15.90597921018027,1.2103371064932287
-34.604050999982476,-3.9915324303609907,-6.901565066289628,0.44005619065229884
-4.028122082983273,-1.5643515385547886,0.34477152207961836,1.1004288715887922
22.742101996585646,7.232881958559627,-3.264598064271116,1.5816677914498993
3.1591132602194563,-1.1259841091155351,-2.0790188450617997,1.192153059182149
-27.414610040440902,7.982031873032177,-15.596775397066844,0.5624207238866977
-39.68455768560682,-6.313927368270395,-0.6557898200044043,1.9709328230240364
27.570390759406408,-14.721666733506005,14.977437388850035,1.1785943706953097
-7.422965685905901,-11.466427706253578,4.756503233421434,1.9890062672690694
-33.15916860307868,-4.7382440947606455,10.696062017520678,1.8434041288904572
-39.25083844438075,-0.3541419311349543,-14.38504355348722,1.828869366849359
-0.9419519820887317,2.234935543426541,16.17016990451056,0.5326958286078046
-2.3473790079232515,11.032676421773026,-8.432875469787442,1.7420954616588782
22.369264447609993,-8.58311556370738,8.045676229990882,1.5209366506445423
-36.51409817330021,-0.18313164761113043,6.697318305726718,1.6532005451089575
8.611145897017984,-12.352387124471399,-3.060042777374548,0.3670101040674756
-0.45979339168863476,11.509605563124417,-3.540556120536138,0.5720499352892267
0.9180689491743479,14.06546284403948,10.446681411469491,0.26878974487582563
-10.706755070789704,-14.194057573019231,17.381243380274597,0.9472086158798502
26.939969672901555,13.580842387984525,11.031060595085982,1.7872474804490752
-25.798907324681192,11.093119184181596,-19.899913828431217,1.9633537388214888
7.4696212792706405,-11.572612308131225,18.038538503259566,1.5064467984302246
-25.26826661982007,14.2048759626771,-10.007784727452362,0.9997813089676665
-38.34727583345732,-12.40146483425018,-2.1201975198237477,1.3645719024856053
-5.795311673177579,-4.147234034654261,-18.134200266218528,1.5201820118311227
-10.816702442449824,-14.427725588074463,11.22872414450745,0.3300690574793743
-25.236848627086122,14.624472673728981,-5.14191314196947,0.38296202810076807
-0.13267419062369612,2.7843624219770327,7.81626696799173,0.2373880401933013
-1.9017980117834554,11.748525801637896,15.104122084543746,0.8287766738538773
-28.544523075371345,7.103643973724253,5.1680247010414675,1.6429034670246307
23.16195314554301,12.131294875808003,0.6954169575711049,0.20961025228590577
24.69584344915745,-13.93775024741877,2.0713295772792684,1.2065170404790824
-39.78078138321301,-15.12662202944743,-9.900923510050532,1.662598055099573
-6.995466678924544,-8.299320840355023,4.1733906206511335,0.44905087369561614
5.80658388032294,-3.7889556813753984,18.69569719861252,0.2829391279301102
19.95704833942345,-3.4677817512392934,-6.856158970964001,1.4028486050221403
19.458150677845055,-0.3654626540327186,19.546276021216933,1.0561169597399291
28.750645712401266,14.41456527055172,-18.364820462320466,1.468555989006579
-39.719932698168414,-13.33209006072656,14.25818309843514,1.0267984894848623
7.427759909483115,-15.727352948533104,11.827218729681476,0.8644464043574189
-38.69994853731796,-8.522529259920697,-13.700502148759037,0.3550288957731428
22.227032725001862,8.389944408280055,-12.908676374584287,1.0466688969521336
7.2118665458989355,-10.268287523366146,8.450347881431284,0.5460192856483065
25.925552682263827,10.307910734516966,-19.895432199373417,1.7343659633727493
35.07584259186238,-15.000028418891354,-5.108198650187692,1.0113636442507998
-10.927404066544248,-11.32948573107537,-10.4307844874611,0.24985208960080377
-9.969809728955447,-14.648423283292606,7.264292013152833,0.35224558263650185
-0.27712087551079634,6.642871539681593,6.9098097140868475,0.8966567441069002
-39.98009498754624,8.364891580417524,17.13145414161346,1.805243705704529
1.3958649353049069,-1.8209835440137319,-2.5765877964969945,0.3921967828834596
-30.623670839164436,-8.456925929529671,12.55915250559297,0.16196015354565435
-39.31986611633177,2.089186527248863,-9.68871380077327,0.7661828388963506
21.493439108807806,6.148220678486098,4.006195479585379,1.5870175879112218
-11.515520342496487,-13.818495565295132,-11.736741307147085,1.1646117887909433
-39.19389865951507,13.731328562793337,-5.400733721640121,0.3399802169189804
-38.62115698242931,11.59378047390662,19.271249402238112,0.7595470644838548
-6.862352904742181,-10.74715666798295,2.510620834716235,1.8672808209584553
22.26754266191945,-8.737072621056225,-8.453057792767318,0.8825202478871155
-30.712306250631435,-9.130117531216458,-19.702585322130794,1.998810272747026
34.31520646265736,13.068448715697983,-12.25171406087937,0.18512840194909896
-25.72188819525694,-15.986242636245379,-8.106980757852238,0.8693237828077627
-11.62424677356671,-12.181035375116986,-18.20718478958141,1.6373252376414638
25.6162541662884,-13.269241266228072,3.102331742954931,0.3118947567189623
-40.54020589845598,-13.297556488558566,-6.630249564509549,0.5131007530110058
-22.000554693574315,14.087791850906193,9.848478371041296,1.367300844110539
-31.15360215790647,3.096123657796248,14.30415434632544,1.5940466290701054
21.12159692584835,-11.51732610811633,-6.7251896811517575,1.0912563646488571
-40.232360462290195,5.569518758560054,9.654004075979145,0.19926567405077983
23.513933736639316,-10.597462737780367,-1.462033290494098,1.4959777135034398
-40.07519950145732,-8.446028710852465,-13.130004149880916,1.96389817101999
24.070172391366356,-9.63729470755014,9.83425763323515,1.653800666990987
-25.965104773548497,8.512626180930226,15.980232965777937,1.5880900740423003
20.51135559164841,2.511816479091838,-14.54877894857658,0.987809992659332
-34.4392465117862,-1.8630653497320537,15.818552757761111,0.5611935526389794
-38.04383159472109,8.973180715343034,2.1146435273408954,0.552434846008386
23.969773525087476,10.617682298766645,13.181401126416233,1.8951410762331524
-9.114601886062488,-9.50035178570989,-7.096053984240678,0.18099770734764326
-29.57954413059963,-8.629260636074928,7.596293365261808,1.387202415606502
22.935580927979515,4.95138142235751,2.992942431814658,1.7752655012387637
22.776410670188568,-11.41380877762919,16.976800947664756,0.6791539564972024
-25.11191205202938,11.929468301656193,-17.95085915983008,0.5634505138317182
-3.595680501408715,6.955423901236411,1.0779753997004065,1.9130537165824106
23.658232349895698,-12.272151017949925,6.332070315380456,0.35905662966434904
26.97712494297602,-12.63274939002393,19.394722810518658,0.8641592302569039
-34.84411978042811,1.896408330198394,0.32574641280814376,1.5868398999000304
-26.780253294461428,9.00446318830977,3.0086932170570364,0.25554682338012896
-29.713720964862542,6.991782504237936,-19.275688507098696,0.673788534871336
7.205715204518086,-12.302945107881346,-1.856465422018097,1.6652556200291113
33.373756613514615,-15.941924719376235,-7.87848105048778,0.9943447930347017
20.619985454281164,-6.639404200271784,-17.71926905025233,0.917427908984655
-40.07695643957198,-15.348643403355322,-6.675216432001525,1.6241434315223573
-27.344808588315423,7.758962524816241,1.435252598869063,1.7870260802342286
28.607318629977428,12.221444472885217,-1.7499207704030155,1.9322923095584832
0.597340024433187,11.924359331345165,-10.511765837511895,1.0514565423379392
8.047850505221668,-10.715327244765302,17.55708719468737,0.503036615119192
-1.6804960764189971,-0.6357519401399223,-14.61004249769922,1.000189774301491
-39.30687469075869,-0.1409463567453315,-7.686351550397479,0.9358202956163189
-30.88192639163995,-6.6589104638002645,-14.31894260610206,1.5357102932157956
22.32999713296836,8.219845725462307,17.834194720064296,1.5558904798833748
-30.74254692485966,-7.138685082253826,-18.56354532086714,0.6837906360768773
21.040869353352292,7.4892018377002,0.3471501384264215,0.942539737336277
-38.956643602527706,5.427198232980285,19.532315448810493,1.8718990948581706
-3.6472705557813896,-3.556922828919504,-1.964226152710804,1.4572058000781216
25.584508276539935,-10.818852847700088,6.7253777925310665,1.7481409222482756
-28.346055468659856,5.771678428712324,3.861468154583303,1.4055153424855305
-37.38302238293399,6.036747441976281,-10.459318301080112,0.217389339600102
-34.27001220694432,2.861283258001169,-9.814036362732637,0.602820018016274
-38.64410902887494,0.3926527872080676,-12.756267235085987,0.36645262797734157
-31.887759242089505,-7.6892291875325185,8.323725879969004,1.8484322604342953
-22.712760863811045,-15.180362155337031,0.7293977314191906,1.1939763610119747
-1.0813806226978642,2.0418270347357925,-18.865961101653728,0.7377934238176395
32.084552629738226,15.548955830110891,2.818255955959117,1.422405745666137
-35.80998996152498,-1.8373451633427678,-17.216200945657036,1.448770047464697
-40.72146654215263,10.44833887157283,-13.162004774866904,1.1394968586773582
-22.101788980494142,-15.533131780177778,19.866364972484682,1.5974381999257907
18.4428675570477,-5.3136024934572195,10.793737146079565,0.8075989033285356
19.463721144629062,-1.305826884668118,9.412955650477997,1.4027358860501802
19.226251434211704,2.1136380887000072,-16.131952933060887,0.3222863201634668
31.631409997206376,-16.873548086205982,9.543837383561502,0.8890087147360037
28.478399118409314,-14.339485633817958,-12.812487370966279,0.4318594345893788
-39.16679782099048,11.859495257458057,18.010379019066967,0.16587685326218185
-9.041563681193601,-9.48193504257588,-11.327790981419694,1.419607473753352
28.014131471672002,-14.817067147822579,10.030677829477703,1.8043171405839147
-2.316101582974156,0.26828837391068916,-15.345785126516942,1.7697044564041648
-33.086324067031235,0.9251737418439596,4.807517996941641,1.1530358148614135
23.96636012189724,8.388520353125891,16.692719341226677,0.33633557202881165
-5.416589574945071,-2.632693647491905,-2.1548821366369175,1.7526558763329956
-39.13434695663426,2.0241189006581166,8.04452205142028,1.7005434077802546
21.513377715090073,11.181514354108835,5.066772620117675,0.26345726069610054
-3.594906196958398,0.429579685165308,-3.220978852017879,0.5367938072088688
-38.19255636545559,-8.178678992485704,18.852476449431713,1.666676580867665
23.92882380728689,-9.372230448009809,1.2683830016488713,0.8835579558886191
27.10789943492739,-15.26168397197307,12.791820225206372,0.48624563324195613
10.20162391026873,-14.164426068458248,15.714334252459928,0.20970498798462442
-33.78630060449513,-3.4508898888182458,-7.798606226464004,1.8091224099329795
-37.61377596641329,-4.882868883585893,-10.648431121840725,1.303214392478708
-39.24274631037323,11.129979215423603,-9.086311627835393,0.4569398417122148
27.625386531493476,13.446477681739395,-14.604026520473354,1.2303876098826805
-8.249509174016573,-14.106237190266246,-1.880851708583677,1.3780806328672686
-39.427946627782504,7.08037084815388,-1.8465109123365124,1.3449214135970005
-39.49244464831302,-13.038416524801951,-17.57475850430991,1.7506483403162771
-25.55488464898457,-13.523755302123323,-19.30827637146402,1.1712391893013205
-34.11251535505862,2.772003885233339,7.88543363188851,1.5674574698372514
-5.228154907237673,-8.354927230830011,-5.313359627390755,1.4486557027362872
-33.73990319686329,3.6732387439131173,-15.053456111702266,1.3019597417877988
-28.640014668619035,-10.401335897583488,-6.247862198749541,0.9345752491366661
-37.87014694988415,-5.438112467534879,-8.311582463431844,1.8476634652826542
29.308484172815113,14.020065867321286,3.700808992515352,1.0537371894057979
-30.27202058012444,-8.721474531693154,0.2196342737241963,1.6088189337336178
28.217061569461038,-13.647213825423483,-5.223881124549088,0.38709480572067956
-39.57328678718554,4.612798814531548,-8.595335813206635,0.32339452142412906
22.712603190575763,-7.795869631228584,11.895981108854443,1.6844392176638294
-10.72138543858226,-13.491851413843348,-12.364335929057129,1.6573842505142085
-32.06058936089267,5.036937713073886,-10.897364756320167,0.15235735799240024
23.569150337453536,-13.010039610640154,-9.137422787950449,0.8548561768004492
1.0752578416508172,-2.2278242897684244,-16.30044295348941,0.5511166385096937
-39.21564087835418,12.300697376597789,19.85957740684156,0.2610652278796802
23.824627834324332,-7.940669260258009,-11.64250780601149,1.0132319453956642
-38.704217578366446,-0.5381939686695887,-2.954922497135037,0.286122113010963
-6.077955858766003,-4.749387478086593,-1.5982677039890731,1.7654239245113954
21.454302334500824,1.503335143325252,12.887663558246238,1.1075418321042083
24.393282929131075,-12.058193246718009,3.213455713311923,1.5231395341035208
-41.20374041476792,-8.765787272930835,-5.702351772356771,0.19590020553090862
19.885841223801393,4.715613851541253,-1.6410310725637771,0.2657270599098177
0.4217811063224204,9.940798955957202,9.924480058265424,1.4036198210875375
-31.31815397160168,-3.0566086087860107,0.6545099667910819,1.7830078864232624
24.538838945854053,10.365504589082327,-19.55937587483995,1.8719780267976733
36.91014541062414,-14.091898159537482,1.4296154626161766,1.9877687106513677
26.83514769960331,-12.700853512710738,10.351340093658212,1.3812063599983944
-40.330304362236014,13.536116214427636,-19.61670669532536,0.4948853879719568
-23.8239614287824,-14.553683709144115,15.485448176493222,0.548130105050991
-40.54666658701131,3.2067233548838274,18.86769503855558,0.3892946776112982
-40.29388264771519,-7.346331612810301,4.674275329703825,0.7501726931343385
-10.66437705142146,-14.183609781357609,14.752109670717253,0.443882473501904
-34.60219973564985,1.1996460024686009,-2.0021734757214986,1.3019855018287247
-31.148658660211833,-8.908749263964541,-6.8468680775685,0.9125166344546124
4.737892983928383,-4.339907929868499,-17.16640850324465,1.660001459908447
-1.678947545759435,6.627034900306331,-7.989981943254847,0.30452148784137956
21.04904977110111,4.631584156131865,-19.62390388462819,1.7697616792004782
6.01968824536754,-8.190751364076188,12.676552539570565,1.611956452887851
-38.13128898861718,12.355847941993375,12.488098262852688,1.370658970153682
19.351254051253605,3.3352380401047412,14.318729780044507,1.540898329782573
-0.44801145126701414,10.574536849656884,18.58061903055262,1.4857315186212128
28.157678070844,13.282747165803734,-11.83379711386829,0.38196756762854644
3.5293385288427785,-5.355490884922084,15.867646869507581,0.6726744740100143
-5.638006729512256,-5.221645127829493,-12.002673719616768,0.23429827322416477
-7.61703767836029,-7.756390191407176,6.526098881094491,0.16341406226271604
-35.78944512013304,-2.164854374373924,-12.625527317466272,0.915131543114178
-37.54278819929813,-0.36531213674572527,8.618214994009445,1.242331420285399
-32.90673796148201,-5.015244917813792,-6.787118712717968,0.4812755728649095
26.508539679892976,14.425979763182752,-12.621945653874738,0.7482772894471705
-4.038503422912193,-0.8535545858823674,5.286455871708704,0.15928001769800765
-3.6493802473111003,0.1979227052129353,2.658770247639506,0.3388391449640573
-13.516276224552929,-15.407632554221813,-4.603867661352075,1.2162029576545996
0.6318384596974909,2.8181046911021497,-7.202907656732256,1.210789022377007
-35.52212517485472,0.7852936609414733,-10.77735537995621,1.4502808984638755
24.338990696799343,10.982953360125656,0.6604408936617361,0.37533797136745717
-40.51320543616902,4.791173017718851,5.332804270746845,0.40854151190687715
22.97526946241534,9.607675887200493,16.80693942831175,1.2172323846672257
33.550226259231536,13.751426330388576,-18.331073611423243,0.3691209560345976
29.427767944200625,15.542411005718165,0.5763851267951097,0.9567997593470341
19.371838547593654,-4.437937007503471,-11.980024189555554,0.7863381341136434
22.663167797840032,-11.435201014306463,1.2432073350534196,1.1993924770986213
-6.315177240138411,-8.14698730195056,9.989815209009826,1.1946450742832269
-2.000716319892618,-3.5840844452954954,-13.95215910818508,1.2788751864948924
-2.216781346387961,9.56624789410488,12.245465755209736,1.907095001847807
-35.05318216696092,-2.427448129681462,-17.33341205852583,1.2811490688644835
-38.700733359628416,-13.325942231084182,-7.157593764570613,1.825729582299201
-23.385067499087462,11.62306649320314,7.237005469358515,0.4713256344195167
-23.358651964260744,13.07214706439865,2.7813745266452905,1.794320028288774
-2.3308501386651628,5.928741547076207,19.039327717959765,1.0143870173759733
-25.72775024654295,-13.56666603034382,19.602702909504764,1.1517958705803844
-39.279877019170236,6.286766085401375,16.06365410961591,0.5841922575034987
-27.129401033131234,-9.323869727919492,-15.419656927538092,0.8079925126173321
38.32889729738817,12.355754421106347,-17.143813392945635,0.40967387607356354
22.46497795792476,6.8477220501574365,14.718122900029783,1.9896425955067343
-29.911715515367064,8.413694400103878,10.694936672608257,0.4404635783225892
27.040186391512634,-14.594358451081742,2.379442238982179,0.9332191502453951
2.2589814111482127,-4.488684222052964,-15.565802595479807,0.3768964828137159
-38.833001878821385,7.874327427181054,10.71290021843086,0.7125539510659356
-30.829739175371458,7.970704887661675,1.5979300799411789,0.7709560434183329
-31.773472813677728,5.626559410083043,12.557887184873017,0.2681123640448816
1.2269948416309902,-0.32815552738732023,18.155667766333956,1.7488067227835016
18.513886248689317,1.6566303497511399,15.100047047535625,1.3135005064568963
0.3969488708172335,2.160344568859024,9.05290370849076,0.32451903074932853
-40.867334435585526,-6.488046950690224,-14.171306474417493,0.3716353165229086
-40.03544231314356,4.724272240764918,14.080601785611023,1.8531054489813665
31.274137026959565,-16.48111156326447,-18.9491255198351,1.1211506226815184
26.272872682566756,12.144415381006034,-17.51063214861211,0.24248042627491195
-24.61815649940816,12.806268187557343,2.593314845999764,0.6191672082618556
-28.72660191051741,-9.092460792038521,2.4341294850385253,1.8725843457160862
7.1226655958658185,-11.119415162317596,-19.381937610258255,0.10157511204660044
19.51709880693201,1.006830313550907,16.245224051299886,1.26711198035212
38.34590291279338,14.87095871062811,-1.2216152513824312,0.4833805859360297
18.410964828093,3.9517862550532357,-18.972045062625547,0.23891870772948656
24.627948119391263,-9.967521632448783,-9.22673937368745,0.586368491594115
-41.69371802642749,-7.713888660207015,-13.105423933285802,1.1083934127921207
23.364699129297918,13.028208401102347,-17.729100943650664,0.9126114008245699
32.37917129061313,14.893212127346814,15.397054316720109,1.888738833779474
-38.960543255424845,5.044692706105323,-0.5439853436664954,0.7584108547704043
30.808454275812338,13.023386742182446,10.300337709701655,0.7123305522362249
-23.51851367395069,12.897052950112716,4.812557623506173,1.8674825077152313
-27.480675238710457,9.30897958046464,-13.765816214080289,1.3237524474213156
31.809786626889036,-14.7338484270513,-10.448101689090397,1.0635840531982559
-40.16503803458744,10.690736475042456,-11.281297775037578,1.2034260053826429
20.658988226127406,-4.939609211975444,19.474979301240793,0.37047437681685647
-30.26757158974394,-7.008234239110848,-2.0969570958199384,1.7542446832315508
-10.268310325537087,-14.420453759683042,-10.084151526016978,0.7651401672052127
-1.3663934676976623,4.368431892350539,6.68449451829332,0.8831059182818511
33.93237209683727,-14.798584410850172,-4.101950859517123,1.1992167768948097
21.98899926988412,3.0061084212634874,-0.6203953944879999,1.1067642690291164
38.68068024412351,11.550009765409932,14.851613116527687,0.593690609252514
-8.570842975362964,-6.182611714581746,-7.941650804813358,1.2181141329289857
8.095140875382015,-13.206759901941094,17.239489205164602,1.8559369618177202
22.674087550198053,4.470432373052031,15.53333340830708,0.7513752429063383
-39.11688175583856,-9.677429973231051,19.116709539751263,1.6167191827523053
-24.919915707879984,10.828276849603462,-18.162680125853903,1.8225909304339611
-25.556976745563706,10.536383315490045,-3.7077919794434955,0.6783595483055024
11.797834435604159,-15.307085827808633,15.995398938177772,1.3118580542680978
2.1978300581860495,-6.517642200536333,10.847193477938902,1.74462213278265
26.413493397159698,14.059097034186223,6.221570389298556,0.19727136439639986
0.9424853279128556,1.8349228969103741,-14.439174197094422,0.7720834009062023
6.282164383276481,-12.035440942883852,-15.626449043584394,0.5757408871140517
0.22011467999811885,7.099155732942609,11.505847174881172,1.4018960273141423
24.563810108114723,-10.767475513569405,-9.664925702905425,0.8273634616936846
-29.998018644950644,6.693403311836068,13.391672626270854,0.4441646909147511
-29.766484786684337,-7.563534711500997,17.917047444827062,1.3533771979392735
21.619444809437823,-4.122297544715067,-16.326178689203353,1.5861961519101813
-27.441209847920554,-10.408496843793205,-4.452982020090603,1.0476484250880436
0.8033432257746043,8.003740358893424,1.6597521958902028,0.4595139181419827
-38.00373363384882,11.902535032640301,16.364230040506335,0.33755645347872254
-39.9832718698778,-2.965470267059672,3.622334296014877,1.619433547423221
-3.65607164188755,0.02684906318808089,-8.331111034502143,0.507765837078363
-33.140961382702805,1.6410370383786983,11.663257224595487,1.9459676169873628
4.799538982343819,-6.439438347508004,4.866064049160677,1.8368336669816445
-24.836314418454588,-15.533200104893295,-7.604807228409323,0.385525722740233
20.219323458659687,-8.259097162852552,10.651070601794128,0.8538354805232296
-40.38965811412616,-3.338819172442413,18.03214138575109,0.925038104832369
-31.111196665324385,3.9242997408760374,18.302000345209635,1.5008221147023937
-37.74430321362064,7.712898826248203,17.353831100344202,0.6880980247506592
-2.368994034744503,12.281858479624049,-7.899201928016328,1.9574078802397838
-1.4038243788315796,4.43593716922474,-10.36843394320135,1.9575370960095604
21.435311466241203,-6.691862132055288,-7.530053455224994,0.4856536511570717
-2.2869281682529845,13.604353954259082,-17.738847390486914,0.9307639889565661
3.290284890880095,-2.3907511828719805,0.9002680558709812,0.6093742356032661
28.770842098767304,12.178980867382592,-6.948492150058341,0.14684134923657485
2.757389116931634,-0.2853548705683835,9.687190389103826,0.5528376804750759
2.2014444198729137,-4.795379410220072,-16.453152045879243,1.3279130691479122
-23.833511134922908,-15.875144711766064,-0.7666569098443361,1.561351441759818
-22.406042887466743,13.345603297961752,-10.51823888657128,1.8669602759245256
21.205371330034765,-6.340973878181254,-15.235421253296506,0.41902456631895246
-39.178636292931614,11.309887575231706,13.248173536547235,1.9216467906481676
-8.509614627322648,-6.191978859805758,1.9911895030516646,1.2593352309430823
2.1948241089848395,0.25381955345800833,-15.746078762117035,1.5403182461947718
-31.856303396183257,4.5956828535947025,-19.770180198148992,1.4059339607449388
22.750934414267206,-12.406976215929674,11.818715466469946,0.49134224168186713
-25.320034766011798,14.504413041905472,19.71857588634427,0.9175844930601329
-2.2385142845688435,-2.481316627902139,9.936935866313217,1.9032581426136188
25.136839546887273,-15.002187507018373,-9.096254877316143,0.6576010289170234
37.18778721557095,-15.304576458011866,-6.402076576168074,1.7971894755320716
-25.288720429702394,-12.031329512720578,-16.091253066931934,0.3147421124401092
26.99096705615237,12.495192295977589,3.7063790744236513,0.2802847125897099
7.192142928035203,-12.706565972621572,0.8562854620680653,1.1889157482440051
-40.24637317774136,5.927342218834468,17.670530437696293,1.0321663203124734
0.09650263655886704,2.1774400909871687,-9.425260008860308,1.6876471670834687
-28.447963314169705,5.317271059776626,13.232515049119577,1.5574532143822666
-38.3406038455274,5.862158960848987,15.209100425738711,1.0978131369250104
22.52759436226468,-10.853633059060517,-2.3537882820254623,0.45311558110118344
-40.625529884022676,-0.23961989409265527,-0.5320764957568898,1.3948596696509754
-34.588473793688216,2.10845679604731,-3.5005445998872275,1.5422898822813738
-1.0508300198718814,9.261124977855864,14.30402074779196,0.10045049649543736
-9.323720158448538,-8.674181297564797,-12.104433897974802,1.7792768361496931
-40.39140645872244,14.771385011067295,-15.896068867520254,1.0404690887963852
-36.132331097030914,-1.1828458706459912,3.952745580128692,0.1325695341411524
4.7814618534042665,-4.542359012413112,14.539826207076814,1.173785688306228
-31.874398971668104,-7.70590076533362,-7.072331972683452,0.2545297633281977
-9.454856177930914,-8.006756401468113,-11.793441067410946,1.0027179564490438
-2.8331719091137586,5.82751777708139,-7.931612561296628,0.8825217373525702
-27.17237002311332,-10.626883536240333,15.109880346676633,1.6111520203336562
5.2412814905678005,-9.023766391862244,15.825426732734527,0.6840705627329524
-40.038920150170526,-11.964286595299038,-14.70883860867545,0.9011948044038088
30.92687953279639,13.437150101491802,7.070491949702735,1.4096663057076866
22.13086640462072,-9.059881313941645,-14.105348594720173,1.63115030405906
-37.759924473240446,0.21703559373987247,7.649215020722863,1.8886240455632288
-31.456600033779363,1.4740517883185191,-3.337454151223138,0.7061513413139486
6.723599551821948,-11.26224037689735,19.98360097973243,1.1459689986996593
-0.5821124141897513,9.672578664436752,16.564708487502642,0.6612573975512177
-40.99802715437018,-12.747365589918758,-6.970981522744921,0.3223058966258937
37.40790073413615,-14.659883020824125,-17.944612048195427,0.9429323267328581
-38.89583144373833,-8.759215410144284,19.59222397733469,1.8813950839879379
-30.784540288006326,-6.780691574405161,-1.5310423019805874,0.5908944186251501
7.154434834539082,-11.93235725795638,-19.117934868802706,1.0643271664305378
21.535809179034388,-10.146758572911486,5.162899173257536,0.755385181470509
-29.78601325452351,7.114680848056661,-16.15183991324433,0.5472373582147697
24.405507330162266,-13.530266626088974,-19.947541410369823,1.9921753079582742
7.732778620194416,-7.512339864464998,16.51014665446383,0.9219184371561019
19.465871631456295,3.997357443583155,-16.496833618322206,1.986893046743332
23.02003505265033,4.537391158228406,-9.740070309448319,1.057813499738569
37.41427268887716,13.56360899231651,5.209013189946965,0.2670960113633894
0.7780471546298031,3.00754161251826,19.278630690909075,0.8064414164308473
-38.9431277042347,-11.584821905226457,19.36486531205083,1.0946581236064012
-38.64524822891595,6.296899418688593,1.4416060791911889,1.3232799745526795
-26.693181384634485,-9.798016912555386,16.54375590208842,0.2253649021521075
-40.043758963544754,0.15251136641933627,13.046289957323125,0.28153552954286387
-5.945771191630051,-3.69242554134755,1.1116116989419922,1.1355304769819083
-40.51963567988425,-2.387395285282981,-6.691033646272606,0.6704405376398651
-39.7173089024497,-4.00918283200696,8.77648471087726,0.895066845850117
23.41115488303967,-12.998730724447581,10.816047650227727,1.7266120456393284
5.752566936027975,-12.610729217659667,-6.183366021430938,0.5558567312173053
-35.512615713772604,-1.8527752474508432,10.175864242918706,0.9942588262763087
22.046936615876405,-9.098785880823964,-16.07759482641398,0.4751121858479874
-28.24330591810564,-8.843548299571859,3.835385912322174,0.5250136234805024
28.968167243509228,15.048370599084151,6.093063198961303,1.5356641272881546
-36.70863694474112,-2.661947767427989,9.431348091436806,0.2953880729910652
-3.775106788661944,-0.7439589383299108,-2.1402657202494595,0.9542859165191344
-39.730409886605365,-0.018762167366901394,0.7223090321928893,0.7293748597926737
-40.378118347867186,-3.766846608190498,17.44550078714194,1.2542160950567407
24.662451834114535,14.197792683046544,2.7146816643940497,1.762644031818383
-38.5017046357178,8.128121223977267,-5.742307260727815,1.2481335844282
-24.411416598362155,11.256371296373864,-7.8618339755518285,0.728722063409875
-23.544458131232016,-13.408514084811474,-5.013079863773484,0.955813815951664
-1.9580568088671058,0.819183107184589,3.318128597397969,1.4974366459470867
-38.28905357823121,-15.037940763307256,-7.177473583903913,1.6914732621683795
-31.955768752206403,2.9929154682478725,0.21200275189517725,1.344646809558252
20.726817131126793,-4.720838543930309,5.184667331788617,1.4838032954832188
-38.84327307228226,7.065153733972242,8.023130790787949,0.43455111040337757
-4.398805964682971,-2.068145713649656,5.676265992870579,1.1849540644606773
-3.856369556149666,-4.297598867549063,19.43439763833004,0.4558874248031477
-37.89010146835956,2.6993097887087103,-15.77582957074843,0.6073169138790935
-30.465726152675572,-4.516207974315208,-3.890014748680972,0.9022812145745686
-38.794126378197696,3.0767369236354973,-1.2375198386282378,1.5446618812092086
-9.117592556023602,-9.266980922081308,-1.525344906876871,1.4618580297824684
-39.32750725241116,2.999492682572736,1.6628015562342213,1.6851903602510325
-34.57792845722307,-4.787897359703784,-6.0296922751184745,1.3639595861500924
-0.03559407764996081,4.40917628449219,-5.285175152595842,1.812948520888825
20.183835002589603,-0.8752429306796046,-8.678029028796086,1.6062185997273746
6.757857875923584,-13.013637660166108,-19.275702221738086,0.6316289223990545
-32.617461504987055,-2.1593754228070736,12.459707378351041,0.26634421038348854
-2.7972425430493004,14.766429692384712,-14.586250581530171,1.6553790422059402
-35.32349469060859,-2.812262262184209,12.171171983986639,1.122630104593582
23.465987331341893,-13.979018765618815,-3.111370025254079,1.3655940051018498
36.00927743638634,-15.463048945580704,14.57197808108863,0.9962909845679269
38.47602037781526,-13.185336110058667,-19.977951687958306,0.12124018014717904
-2.285331991602952,8.687544510140214,-4.968396352933491,0.827682242646602
-22.52728213901143,13.026669180462399,4.857634827346821,1.1201578605973892
-29.01254173749284,4.089844349589381,1.9662730621645608,0.6628185993049253
29.271262073378878,-15.964087232376736,-6.850341823238297,0.3636233944588704
21.30278938943229,-10.103764890932663,-0.024618622102483556,1.80500400036578
29.231514843964305,14.187018900033138,-8.943536585762182,1.417898106289773
-29.866536973956755,7.578038289217069,3.869731963164,1.2809215404073564
20.30907398517526,8.228941906795722,13.124095880273359,0.4834513470784376
-38.91094953151952,4.148510980606034,0.12696263591129409,1.1374251105514195
7.579322125138631,-8.79060681701608,-7.7359475570666,0.8443996704045902
18.698711524834565,3.726917914620895,3.020963811139037,1.16207560057541
34.98564412610314,-15.122968058062794,-8.23947048702009,0.6937096213793731
8.725048683672995,-9.043196402343458,-3.834090586710932,1.5923858472140504
25.38668647062775,-12.94137771475652,-16.489911876189353,0.9781121520226668
-32.89729955277211,5.172848446657863,-17.838599365223935,0.2815367998131378
-26.297547621545863,11.142268288095174,-1.796505702276221,0.2618572140313384
-4.791896410249002,-3.994550235577961,-16.057132133719687,1.250547587007973
-39.548926177928,2.533247587749127,-2.7690062138888827,0.37384704365583876
1.8654888280349766,1.1242547421660696,-16.65133971649969,0.4007929094997902
35.84013426618273,-14.251524059703314,-16.84346283664685,1.6523350342816043
25.206371062239654,14.13058874041544,14.091346389336891,1.9449287171274283
19.460181678476317,-6.792075899606793,10.103516680908928,0.6855470634401445
-40.88508246358948,-2.724824838024915,-4.968317716609905,1.2699875425547875
23.33723264062961,-12.57438063034083,-19.7633780270405,1.0439337821091943
-38.44019033913554,-4.597355202351142,-7.869056878504308,1.7932694436210501
-33.26325565989484,4.94723344854998,-19.272013750940083,0.7109333257064474
-8.533505016966615,-7.281598242948878,2.6590232038511274,1.4999579687492703
22.561782180831628,6.551321986218252,-3.6202131642320623,1.8414098833303605
22.459813983658805,4.236908689962316,-11.168837880711182,0.4671692345222118
-39.928367884928065,1.6453858639930168,17.69675874412036,0.7919087769845408
21.3541617638774,7.477933847129542,-12.41258469355949,0.5606778016361208
9.714489246856758,-14.415319661475746,7.7168903745869954,1.2797345942657563
24.806740677670277,-10.376159433747286,-6.778723885830127,0.4534740384548087
-28.375522513513836,5.754369212981562,-7.324538778871874,0.8338670250629084
29.04034577573455,-13.542897038319493,-17.93244471516834,0.3122082592245269
-2.4182413841786,0.35138964923233473,-10.592184104746734,1.0260991855625887
19.54523686090542,-0.14435030527905113,-4.414477557955152,1.0249502842861722
22.29825822040219,0.08709030200079937,18.35118940894838,1.8909935053684173
-2.5517634221928276,-1.7426295066229152,-1.582334827700631,0.3086624244843575
3.600143277930542,-8.988269633776902,10.46634021643035,0.6366597349519932
22.826991729973926,11.645369378039689,-19.980980823192862,1.9868856992872392
21.543766167677973,-0.3072741680133362,16.512311268422934,0.3170077186500231
-7.228506648170011,-6.945875813300734,4.13783443863176,0.3235321226420642
3.7562614961370286,-5.956747038774262,-19.186333792338417,0.6045809969333649
3.384833374256587,-1.9312832159879854,-11.194619756122997,0.8810565110467165
-34.574793882054216,0.18702097872396095,-5.943496366095893,1.948639883608371
25.808401254036326,10.487663061980442,-3.015711090543789,1.0932035577893224
20.65846168673177,-1.6133830996832117,-15.967993739293718,1.7893563109035902
-37.38457528704485,-0.7272088902010623,0.2542990220415753,1.5393480164475477
-2.9257083901244982,8.25092698763072,-13.094026265600647,0.927325145496255
-37.443650611870254,5.727778336108955,4.0797099806336945,1.470217076409773
20.074244865428042,-0.3337573544179193,1.59034242726338,0.5397874810200648
-3.1033096737983925,1.995567442254842,5.573211987878572,0.6938588953073661
-31.37910473197259,2.8946991636338772,17.85312459270152,0.6808676454364906
-28.723585594073793,-11.265938510773593,-14.350415901569367,1.5036075258615909
-9.781714321893702,-15.095021703020734,-18.10793550230784,0.10567450381114905
22.154963295057158,-8.780241054734459,-3.1303421028572487,0.256466531187303
4.057565054496294,-7.905342017940233,-19.13718483887336,1.4400702480376542
22.45700430666996,10.654541864375574,-2.5451133227907192,0.6044772848226335
18.41856214223933,0.7164408245416958,-10.783606993028867,1.0294754825157086
-27.174107489701985,-12.257404861508046,-13.818102113609374,1.1264184386304585
-30.5094323911175,3.590878458967037,15.83010006571864,0.5687902789585185
19.917834677829404,-5.584403973873483,-6.700667737321817,0.7940321636074809
-40.56094860808893,-4.770524414044921,14.90383810982864,1.3365708536898386
-39.49244953083078,8.475716306916866,-1.3137790990106346,1.6905225388440697
-3.3381004956679305,-4.194645063264776,-4.43374950397712,0.41422102567428865
-34.42027236069187,-2.072894518785432,-3.062764671846196,0.7445247823842797
-30.237746412187107,6.988008704773517,-16.64832007779852,1.9868050813138403
-25.93919292109327,-15.06163088435287,18.571530398908806,1.7309489442751294
-24.17142825518663,-14.399167892528416,14.665547775754604,0.30882710969358895
-36.75120260769965,-1.2069695901427195,-19.119198656751273,1.9131308450970104
3.2999831030489375,-4.679984417458872,-3.2058832677654863,1.3594153988179796
-6.4544273029132455,-11.129834689482067,-1.4229745178256792,1.3239689292006245
36.044844203575565,12.192068650443879,12.673778717089313,0.9181123179089925
30.426384616770193,14.054528038309577,17.0960215591996,1.475484529378418
-41.14053367603638,-12.474384451346348,-2.051329161880588,1.488699411722842
-38.30476385735369,-10.795313419968606,-17.039639241950304,0.8004863163228114
-32.306124283282415,-6.787615873221785,7.522045772047985,0.7078366421985458
33.66281126903512,14.898183436282835,-5.690311902975358,1.121259698715852
-9.438869837332518,-12.507659342993039,-18.651835786020435,1.3343741675141199
21.95622966889765,11.546804065931077,-11.469138784827724,1.055491746501539
-33.34993967702792,2.0222115847992903,18.44164891367012,0.6309781072817625
-4.775156817395718,-5.390735832758747,19.516456963407563,0.1084987851360044
-11.808969471202957,-15.149637328775052,-3.367527817278404,0.2634187853035538
-2.178031415934136,8.604837857779401,2.7995524559320195,1.1462803916303792
0.17727757949764822,11.950533725089166,-19.234692877974435,1.6714670893102284
28.232826675647033,-14.378916250921844,2.205285354729707,0.573533564471797
-6.6089929512484105,-6.534099616536713,-10.684145167576995,1.0561189478681212
-37.26642957589716,3.516475446516665,18.685930387123342,1.916584441117331
31.118722331799944,14.261524712712792,19.92597683753135,1.1858352799451322
-40.01849782967232,-4.903757548333356,14.694558301977494,0.6060144546040722
28.457088476124042,15.495538677571425,1.4569294764579155,0.34921283948527293
20.862945395277137,5.810310079141274,16.652773183563518,0.7466608487661255
-28.00102790947018,-9.73498236893751,9.385272633119676,0.2270926392656237
34.22572596617647,12.161277169717827,9.070016742653955,0.6483171927380224
5.858722263769259,-5.038542452973859,-5.520369665708005,0.20288545208298028
34.12709477399281,14.22161746400949,-1.8852595399013055,1.3518387023076204
20.57260948684889,4.000707272147217,-11.46581482523775,1.3311146537185699
-8.770216459092993,-7.642356370339474,11.864378307126884,1.557133948578939
0.8552183940004667,5.594677601311492,4.602812010724726,0.49786745797137844
-34.771083829686006,-3.3953687659015195,14.294408533789273,1.030590965580078
19.101083164547077,4.064345042014434,11.49397560217194,0.9672036722603968
-1.2550204168327497,13.611354345904843,6.479065715329462,1.432381100740885
-33.22336071436358,0.7260330862275843,12.403937846766844,1.168553425936322
-39.11464144775692,-3.5942226079469783,-1.4386775626815478,1.2903453116807433
-6.140775616821763,-1.3000536939821075,-11.003320030222117,0.8542410799006028
-34.40995678080476,-2.2081401053264393,13.815381119774088,1.2676858539503872
-37.45212981315977,4.166947288320301,14.997350305163792,0.5438880233129362
3.2364863558502464,-5.293997483309159,-16.389022579806827,0.7158860921793258
34.09535337476831,-15.757507026045587,1.9162366303361438,1.0158038316529032
-34.050432379744755,3.253677352054247,19.36636080627916,1.178722463889494
-38.96527883892218,13.235124169475625,-9.117198694993602,1.7986719246695984
20.446532644921817,9.742683916460319,-11.756042422424224,0.26509357779564785
-38.00456250038622,-15.413764110703632,-6.2233477610438115,0.8072949531536051
0.939515960251299,0.13753782127298564,0.14872359036023397,0.9961201376799328
7.908064749337882,-8.4766088540359,-9.941132106284822,0.1071547571558283
-30.584348257717227,3.7275652920404845,-9.550000813628694,1.0289518895612006
24.615395805229255,-10.474159172751136,15.991317227289926,1.888470285158929
28.465722547805512,-14.141403982686365,-13.297599922295458,0.894475812256073
-38.419259402690756,-13.948311512512527,15.32166533807397,1.4770088271263744
-38.99005618466647,14.213163280669825,-2.473207230183661,1.3952559246400564
-10.094013919653634,-10.269895784431366,-11.528645208964639,1.9216960787520283
21.20465703942895,4.493230980480721,-17.916886932205962,1.2947581559798504
0.9999204724976138,-2.0914808246985146,15.765461380142881,1.8062635617919782
-8.510698424199852,-7.351401767487875,-16.17689976470306,1.104987012714112
-24.1924115570427,-15.686982552086192,5.726086647255926,1.8010621271825176
23.502986969630953,-14.924183698740226,-15.069644505324735,1.4274576328091526
-1.0506759565482398,-1.2582555107618596,-0.21149313078869625,1.9027894605390354
19.109779115541784,-4.046496313103052,0.3373662394427157,1.5749856781664207
21.33398241698501,6.119243056293463,-17.53944992696657,1.499615917222721
-35.04221516696754,0.4510776897993942,-3.0778445775704384,1.9790344862269902
-34.71316670238301,-2.1673334091073997,-17.67990416012271,0.8452496565010931
23.8912999012653,2.908454510362972,-0.42206863744294054,0.7480591374371077
-27.30058907232367,9.677079853860327,4.07595831659534,1.2314543941512779
1.6997766308551832,-1.392127873490832,-19.08793763861544,0.5936051737417978
30.799950665741505,13.635250346703081,3.5254183999302953,1.6502223332303367
-40.657978969728426,-12.891324565353514,12.14009294250937,0.8108463193678609
36.63465567542167,-13.14713925530416,-1.5430874383353554,0.9703402272885787
-39.72894521621753,13.920582389379781,-15.884077847396796,0.816276991974794
37.81743284785843,12.8979320175728,-13.63859493146311,1.0071305579498566
29.149942036318365,13.493435179977823,-5.978148387795459,0.47253924280439163
21.94727139297582,6.968780091324767,4.091400479147094,1.5390398647648083
-39.294097012532895,3.75254931067105,-1.8202141206376226,1.6192398991350518
21.36669638107236,-1.5423054016723547,-6.85845097258885,1.8664426854456706
-38.63662602792771,-0.37510349880824023,-18.328504136739568,0.25203260239249536
-29.819264106542203,-7.921638887362391,11.523610389485476,0.9243288656607818
-40.67685348203064,-7.5050844771562915,19.618062118967437,1.097692438690682
30.009498762664876,13.372466184937366,-19.102315312585432,1.9135115574336794
4.535033720886936,-3.3797578567171342,-7.762869649055251,0.33690809950603057
35.12952798244221,-14.184100340053845,7.782136992645086,0.14792122392116708
-6.813818180767264,-3.35562869763719,-2.1096944446710637,1.4469348592917044
22.989220785443294,-1.080033671167282,-18.239517367712708,1.1625832456369292
-3.8283500093450016,-2.685766491595942,-6.5829020693068685,1.725343678876067
-30.00381701461955,5.323722672445218,1.3555440266158598,0.14921099876296634
-31.838854079857,-7.742180375635899,10.83543799640826,0.6462026938609031
8.578450990397869,-10.983080749931034,-19.125805327472214,1.6395086354459103
-41.69976909435072,-8.448770079562562,5.211501081596978,0.11153155670233134
3.712192539097906,-3.8528069676246197,-15.85711519618254,0.5361081862160152
21.530717688944236,-4.218975039612982,13.480494135872988,1.2627819704982488
6.987261293886675,-9.046348730661839,14.733749622861865,1.5219045851483932
28.971575669615945,-13.82139280491915,-11.132499316670605,0.6077267606254012
-11.33128980464543,-15.897476466596038,-14.648768535742747,0.6489045573051553
-36.18321717983387,-2.049793451614349,-1.1148603109904087,0.34688915337965154
2.283576045744475,1.2301016504156195,-1.496130234731254,1.0107089620923628
-38.657063981633826,-10.917103769263134,-0.7258852617726319,1.6283456457054886
-37.9894162753359,10.862286865272353,-6.491979253418929,1.0528988506117818
-25.941908362003776,-15.13837677487471,9.464499928269234,0.18062266137496608
2.08446205744481,-5.529379001287943,19.116728272221273,0.9558643692914152
0.8797169493631003,-1.3965849436648128,-19.995246598149006,1.8035975466424103
-40.20769467757118,7.798445062232666,-19.038992927125584,0.4720110602933708
5.848741136811782,-13.612599235159024,-13.890860371498226,1.2037806877715234
7.612651101362374,-15.291780338640864,-4.071784311550752,0.8853189531555934
22.90515482142439,-12.692412178833056,1.538332277174888,0.7218419910329373
27.21694126809949,12.370504419650558,17.42199395951595,1.849337013459811
-32.26918240433045,3.2716104020016985,-1.6842362705329066,0.6790468843435168
-29.97457903891656,-7.85634798683358,15.354768562749584,0.2541021527839582
5.031570826689261,-11.954691264061212,8.163256174284843,0.26076459063046475
38.384387191985454,11.843697280280587,11.072461276419318,1.3678307940973842
5.877744413936448,-12.041879574934642,-9.306102070537774,1.7704756337463838
-28.549853811892927,9.393450370087056,-4.198187302466074,0.8679986493309466
-38.79180319836075,2.825896670877981,11.74171201104511,1.948292664019623
-40.65270318067526,-8.086407588991069,10.151463241703944,1.9491523826212798
23.740595022665246,-10.883341995441505,1.819799031488742,1.7440513047858714
-8.30625592287565,-8.442093276906926,-3.9667988020143774,1.5215814968370343
32.934511855685045,-14.047444801395962,8.811314009239997,1.7279108399610525
6.907263958813431,-8.005301971402906,12.221967688918191,1.1069345393195489
25.796546852846163,-14.580464097011765,6.3837894028972215,0.7845315069643841
20.271664837514606,-3.0640162127265,2.784570229043517,0.6899120995598645
-13.586391576640189,-14.032125169686076,8.1353943382761,0.15269060566501824
28.695811460063723,15.177890626570331,3.7499096627351776,1.526041855494878
-29.155529333622567,-9.55323064821227,-9.147650354371297,0.7655054972138459
22.071931619427076,-12.18822646447143,-1.491331001793501,0.3301567840371016
-38.785871760052814,4.905674737765416,-19.79484627573453,1.227890903422098
23.60613489485857,-11.54887590079522,-4.887863360663971,1.0920589115817008
-39.95570466568159,13.354234266761537,-0.4882820193915016,1.22194200543466
-1.88068893988261,4.176692080282628,-3.192320783293596,1.4887543626906061
21.316637340826034,-11.341158924562816,5.166541184075868,0.79960134557834
-40.535759191546255,-13.157870998458705,-15.43240796881678,1.0630780030832458
-7.638782634567654,-4.264488190318438,-8.67761092713625,0.4604586926851997
-24.941675274545464,-15.544674482320872,6.201389880290318,0.16510216941604489
20.791211502350507,5.8539356328399315,15.92022040970663,1.1832398176602406
0.7268718949941047,0.42135216457905855,-13.706899349471824,0.24457202099832182
-40.161752673767026,14.982838581806533,3.7087586608143326,1.848792473173932
-4.193343909212757,0.3464758224575064,-7.835133303596651,1.5846170908098438
19.494301881535208,-8.140353573128563,19.53076924679108,1.882630192282846
-2.366709070751689,-2.760329370102056,-16.318098687725495,1.2628224595482385
-25.494362964989236,-13.630805185198414,17.299851708239316,1.5460243213857248
-39.68435177062989,0.358108948581485,19.1379458354891,1.9746412162205833
-29.63271221428289,4.555847217594206,-13.775106068955543,0.3714581462088725
-8.024227266334101,-11.749247598598396,15.432108382893873,0.8611816741440841
20.67393283871459,-0.980125404828275,11.863634790262935,0.8838765503438325
-3.296327405334651,0.8005380755803309,5.7042357153163366,1.6650992401122635
3.921412491498387,-7.632405403747132,-13.897197451880832,1.720374037143343
-1.919159300586287,12.40785672171183,-19.42121144083331,0.4981788723384796
-23.692043412620155,-12.213460290387701,-16.268915937625657,0.6990619386075799
-37.56254948944785,-8.492076438307592,1.9407194753972306,1.2559127331239532
-26.282428174511445,-10.241319137218538,8.967688222150443,1.5430038780884974
-5.799744563513741,-7.467010946776025,-3.3388860142115178,0.40885800376599024
23.41469206586217,13.848794622214953,-13.330537276593635,1.5216806460988725
18.267846529878405,4.919937644257033,12.939219064464247,1.3259809621737173
-28.253537028658883,8.579988465481527,-7.545009825088798,0.4728764199843407
-12.75800242865143,-15.86107378690743,15.196494249481141,1.792501215429717
35.147800604128065,12.341583415830051,4.880256893369975,1.8190135194087258
-37.581258165773335,-11.964010248702781,16.126065365603992,1.542432895573746
4.700203514668694,-9.00062393289264,-3.7018169289480163,1.9568156095939215
-38.34695766597907,2.8314510065196075,6.4713986585700845,0.20364563543280761
4.094793300972093,-4.048962267639602,12.798796071610909,1.5938909240277734
-32.17787684408751,-2.764135100032366,-7.827804027200207,0.8915853803386818
-31.58101710241756,4.201710883939818,18.234016833346935,0.11252727373411293
-0.9633085485836403,-1.3800192044859791,12.776132388093785,1.7241939312081693
-1.7100048707825692,10.991665530938786,10.578004717647307,1.899194993992518
6.589055644342373,-11.127190799725522,7.92425648498531,1.521010728717439
19.236847680727436,-4.277705583938726,-0.8157200281645949,0.6012179152744513
-3.8714160565909808,2.1925978341656958,8.073032065669416,1.9133078680124187
-38.431355649805816,-5.631805949023347,-4.8770831370802,0.5451019219519709
-25.86065670230035,9.382338075364473,-1.7673329256227248,0.874064491475497
22.904060084072,2.3891130738781605,-11.728321357573597,1.791580579750599
-33.74040726976179,-2.3017484074508445,-1.409055885336894,0.874918391484287
-2.006935503369064,11.007729976935238,-12.086875056630157,0.5692279753002215
-41.45038793035726,-2.9069564964322296,-4.8315099891936075,0.9378697761982351
-38.27404338843876,1.3114622047245454,-17.792217084706976,1.6812285075464692
-37.17178980446899,-12.881322093579994,11.583026280962692,1.8324163838391263
-35.58219258844632,1.6053105180608718,14.214973455522937,1.5551905244453674
22.75177128528337,8.76932379121233,18.535826963887978,1.4542849702873974
6.793441624051688,-14.431159056587884,4.776260229375417,1.3194440332131292
-32.59017958012672,-6.674757715598325,8.117236578088054,0.16035409086001254
-40.52634578172761,-11.415859428786165,-2.5203739881184006,0.731392613542412
10.439818043474844,-14.260462288652999,-4.556631727737477,0.5730114337283355
20.034054661740228,3.0474280724441947,-1.4870430866110596,0.17625987066119997
-11.98668382290942,-15.453731812703463,-14.969830619062634,1.7114696831564649
-3.549859720823278,-1.3574686630127957,2.2279429135525675,0.5335914493651174
22.527548129817674,-11.692952018326212,-4.554579872371258,0.5977615084786461
-9.184761399671707,-9.93950182596189,-16.406390290240722,0.1523812516100273
-28.133404600573257,9.26897264495295,-3.3862995632176833,0.13318749124064316
-39.25699300294591,-13.929006512781925,0.4021911806659588,0.63021526471851
-39.57255513213781,-9.477361660464515,10.265783146388756,1.9690637517589495
-23.267114934378405,-14.171879088481017,-7.474038498395341,0.3476050053796145
20.544569577397468,-6.629707915438377,-8.645942212900417,1.420596952534373
9.375584295616456,-12.312490718822788,-10.839313038015597,1.3515114105965227
20.214309022854422,0.9652472788895317,16.81360183592087,0.338901485758547
-5.11362130459198,-2.4772627995536958,-12.232232703041168,1.9710407652236124
-26.89904156799151,8.996105587555036,17.54912492760907,0.7651818388163885
9.028576407829199,-13.21969417255346,-10.94961581460816,1.468720477482742
-1.565987238939762,-1.922726242673118,10.318397560231418,1.924341617353599
-39.42932969121078,-7.778334974405041,17.20262587214183,1.3534256140721745
-37.18517839307931,4.838871087626426,-18.085856741940756,0.9871911297623505
32.62113348148516,-15.275660815634183,14.839226098462404,1.2167758908372979
5.554269053722258,-11.279799161728693,-14.566089463562912,0.7447754454046349
-38.547673825081105,-0.3614151575209803,5.868280419439635,0.3049398652396551
-5.116565257031404,-7.195220986867337,-0.2732363448716342,1.039332467317352
-9.555168732027198,-13.542732899392856,-16.956363109255285,0.6371800904230962
30.46482228355326,13.681627704898744,-4.18766400453638,0.9418318796245744
-29.099480353684832,9.17388191284871,-3.469284147537657,1.7826292635215113
21.74027071235237,-10.361460333819846,17.75911481191197,0.4577079329059687
-31.367285931311244,5.280747701958269,19.75515151612509,0.8355054467451459
-33.0636125365971,-4.956669784106122,15.418959074558558,0.4318339014294247
32.99237378855558,-14.707011557335356,0.018542412457751567,0.6167692077694829
21.917074615974414,-5.045830937926464,16.20122213709746,1.2038623581293928
-0.8482126399681533,1.8376717715329178,-4.508255646680075,1.3148078501490137
5.011103335570176,-6.254326452420058,18.935819298429607,1.7058872651945998
-41.072331791566825,-14.540300327870122,-9.229273439892616,1.0931199184240536
-41.245169520788586,9.518270567802261,13.093251489698012,1.262918943199093
21.259726463603172,0.3713785880021305,-10.290668950848065,0.8857778132665365
10.437772974404496,-15.177566835445056,-2.7698614770048557,0.421256300362432
-32.42959042482533,2.625068957936417,-9.150575419500644,1.8726175253481325
22.603172350869514,5.581300894098234,-8.762034073697347,0.9598130270996635
28.261334708507178,14.307397870531418,7.535368552675816,1.2639369159632987
-33.78993043361231,-4.250973384525501,19.282681916975932,1.7498765482718608
-27.22834440123861,6.8765145547492885,5.439787307468727,1.3359828723939196
-25.34245779537638,-11.883738378569033,-17.28747970887591,0.8558713467534357
37.38960519670486,-15.134861955611628,-0.404732499906288,1.0761195710493878
-28.553999584226077,5.466457091877878,-12.169467807626466,0.42917049411344155
18.27249989017305,3.5841271745106944,-0.7506144009513989,1.8377376508124743
0.527120508707327,3.567282684168841,5.97750057709197,0.5657293724390934
-24.009999100747926,-15.323841624416037,13.221332292434326,1.7093019137991468
26.728358042305544,11.218685366397317,-17.077098405192828,1.4491866761813126
22.32553507781661,-12.275226685187164,-5.91354180519696,0.5484763618356676
28.1235623361094,-13.685571880853622,5.9411227104395365,1.557257611742732
0.5714091017448268,10.696099117665316,15.714437065683754,1.1245817629959622
-34.504170870914876,0.22362786496688614,-13.39523497559516,1.1693678186882548
-40.517481771853696,14.201212070562761,-12.765266958265498,1.6940264202188438
-28.057494184296697,-10.171341308964312,16.603043193189386,0.44680427882387364
0.3117127520501768,14.953668785234157,-1.8798751298518752,0.22642519808417153
-33.306310382695415,2.6423504679790106,-1.2060596220966175,0.47163640680158625
-7.356991573270264,-13.14288826612599,4.021448973829386,1.0460031277453388
-29.533810696881197,-9.960533669466217,7.127502362319422,0.7804498277030447
-1.4770824771063715,11.665822514088788,10.73648121880078,1.7208870788366324
-39.49681465537735,7.16473985850071,-6.662091774888683,0.5512049453664253
19.26912740749195,-3.894443999834568,1.2111538235084929,0.6803806202855557
21.5829486967245,-2.1955279417225952,-9.353654083518022,0.5051151104576207
6.650815045757426,-8.928562015671977,18.866941946844932,1.618953471409017
-29.210947740021457,8.824333132489333,-14.711942433928948,1.683755089511409
-26.46528146019245,10.73117437946432,16.73009470268758,1.3955720279428163
-32.51542112712008,3.8653766462911,-10.749454258454687,0.8440978604472718
34.425057454504326,-13.42118949979558,5.521280667558813,0.38986454331104803
-26.27383316223452,9.512219297716182,-0.6437882671343331,1.7828448651612534
23.917065447953533,-8.356275122880815,-16.761088777776383,0.5898787101646022
22.642295680393786,0.5616385714340595,-15.217569099558528,0.2969374282892971
-28.61685103553798,10.515898829316868,13.714925659740452,1.649507275757469
-26.28938022263536,9.434776987174658,17.03731630667682,0.6693182296613532
-38.49556294600956,11.729830125296381,11.579986029415377,0.24055682761553285
-30.666437777179347,8.679020645457033,2.9181490939146393,1.608895007565258
25.59322390759081,13.07032393520305,9.27890532893332,0.39391684614489975
-27.613693019794574,11.199210529624196,-8.973765542758674,0.8782769752641207
22.84282477325246,-5.654559602994738,11.650042800009068,0.17198664844469994
-27.464404865644777,-11.610565496025933,-10.852338635798855,0.3838476790628682
-2.0837780217266797,13.018004349680496,-15.524486003109264,1.0964248744237506
-31.900362991630985,-7.663355207182455,-14.851911703028069,0.8974619720214629
-33.124945894051876,3.7315203888640447,1.2192964842997789,1.0065177028866807
-38.77905971217502,-8.046080301848914,13.042671916159009,0.976440253709134
-8.075860297076083,-7.653160450978373,-6.518771642929746,0.1204702924346046
-40.636902069548825,10.423230390159123,-14.2868200914147,0.934764464340964
19.472574675891778,-5.818568998255365,-0.6995525631815092,0.20536197768762537
30.218198551999706,-14.693305056416534,12.978502349597882,1.4928426157897832
-38.0340046034392,8.371292051450688,12.447453042375294,0.13169505175972787
-28.6359109258169,5.422562561613951,-18.17372511159548,1.8485411345434188
-39.0535428276516,-14.547870286234179,-18.74293937476491,0.5100107013747605
3.1955493378277566,-7.9320389340327555,-12.147290518286908,1.4208141786061215
-30.759473253351118,-5.067135621787589,5.273388613569274,1.1787658674930492
20.065141264152686,7.9238438296504015,2.1650345775006308,1.0393507820050998
-26.43786128849562,11.157205511659726,-14.444296121624829,1.9785881931569254
-10.343196272336478,-12.549262632564927,14.48413603100876,1.5524955016965596
-3.6006481909051757,1.577016261880015,16.229807243796813,0.8617231720681189
8.095894917823301,-14.372513573392833,-12.927710721445642,1.0438357280518777
18.844977923938096,5.866554520787474,17.935117100217283,0.8250729711309333
-1.9634754692941883,4.119169391151928,-4.318501954165832,1.4526206283367147
22.006385794491678,-8.670771208856412,-17.09434569802199,1.233247763423158
-28.171493164664888,6.821197140630332,19.51738536993326,0.29513050558707726
20.21820474268246,5.932606629188566,9.526197894296953,1.9307139534471174
24.67628929937321,10.756602221267222,3.0512361302460818,0.2482793107840342
1.6677398052782308,0.43855166794776324,8.525914072216967,0.8641279520935079
2.5910321459657766,-5.544992370833924,-0.8701948986848862,0.32787030482709023
-38.944568821090286,12.052791782703522,16.636573946508435,0.654777676171937
21.737685221242998,-3.0207959302169805,-8.946380668036875,0.9646772073649834
18.65948806940613,1.6501611886694292,1.0677976206079194,1.6368401448370347
20.235365722608606,-7.389343209976444,7.9025188409414255,0.8584916270628397
6.291659245635131,-12.457268935362116,4.434977859981323,1.3139834609541066
34.609178081187125,-15.271309677296005,-10.014150885032267,1.0160788368385691
-4.0801452890743235,1.148083226534382,1.4246553535382134,1.6895920642220459
-40.37379926658312,3.6766040131818727,14.5350312820228,1.1897832565831181
3.7531671979309635,-2.464061713217909,6.936507918910884,1.2316179814715953
-31.767127403990735,-6.689646446826943,12.015935529699284,0.5070447545177457
-10.950207599266733,-11.350523393160643,10.811011991582944,1.9120489947345476
28.187663894727763,-15.883755915782027,16.684805974830617,1.9242267123815027
38.91643960170062,12.638578249693722,4.00483712663118,1.6801170832881998
-38.56875656983867,-1.8236539248903973,7.914820478593569,0.8217871846196362
-38.47165254550894,7.6497614191072785,-5.922540744049947,1.021800658130778
-24.37686204174353,-15.265026570604386,11.235081189937919,1.327212297618387
-32.72879875072858,0.35448532697566293,-3.1243230914883995,1.6816323837037166
11.697797781757565,-15.07747744146715,-4.4293656418422955,1.685905931912688
-40.913894400886676,-3.676243694156856,-17.84673314806925,0.3746136292038066
22.93127344434336,-9.644383260783183,-11.494596128863783,0.5507239865826996
-26.075408310571714,-12.35163243041424,10.611320726187081,1.7003609147854812
22.21128122486104,-4.862809415570997,-2.352332594491962,0.4515096701784368
20.53788741529958,-6.027956798069525,-2.9575850515819546,1.3620322200219062
19.398841486897524,0.9611064869390091,3.340509278117949,0.5487346758061713
2.179840553085299,-4.652721514693454,16.8181477982624,0.3022741040105974
21.6463405603469,-5.035714173702463,-0.16153266359698648,1.9216735024329539
-32.73499722038143,-6.481676039819771,1.7672812022553508,1.5647126445866408
24.126496339341884,13.05072618081531,-10.336079449901803,0.7525023063112464
-38.10778762875141,7.188022495191589,14.432625320257408,1.955834826117099
27.274621120510005,-15.084162509389419,17.423369112438223,0.4834175697001786
-38.134092944168785,-11.05711842529176,15.543431762465914,1.6741885553709916
-22.37404050848748,14.36853466500996,2.3722168327897464,0.10346778987708422
-4.108788272356321,-0.43206940157813634,-3.1174039109573286,1.1520328658274208
-2.1995914276879986,2.119390057473314,-9.335258264020618,1.1029738074464652
24.205897861848456,13.011189605786498,6.385977418930331,1.2407276622690904
33.40911890315371,-16.023466631324126,6.8854191296266265,0.8575113726137892
-0.7714879371575947,10.465593322666198,14.285684890419674,1.1301721740131834
20.133614773244247,3.4848460903165517,-11.92755080953055,1.9853228140905677
-30.712640716664247,-5.356425145087721,10.320849559700083,1.9013699280027863
-2.9642807199625096,14.52584204029592,13.865288083393665,0.28815362217549567
-40.57459588286036,2.4364988914072505,17.097334045750408,1.2762217156025253
-40.861901636411034,-8.51416444259344,-6.994614092529341,1.3362018565051348
-40.31043774298773,9.457437173232417,-14.053188449681464,0.8437930006378095
-37.36806402365352,0.5274231222756818,8.681705664560042,0.8043009820124756
-35.59043156880634,-3.4927096028862366,-0.4629032279897132,1.5858146969461615
23.967521320156067,11.585146041590427,18.453943855264576,1.737881521917039
3.430722443141775,-7.413707667654581,2.4983656412631277,1.508346922208716
-38.97738770460711,1.1318738791709784,0.3859915823455822,0.16516869364910997
-34.69580788673065,1.8936021153944615,16.439336688187694,1.863668332580938
-28.82989838460952,6.47286827562116,14.965327306179816,0.900576941478117
-0.9513282400069087,5.537703874386118,-7.7577834274659185,0.8405461758183994
19.922896935410776,1.712400828920881,18.906959240577372,0.8122863516049288
0.5275699459389998,-1.1850472142358583,14.901516107755214,1.2157445755109042
-28.944027147041666,-12.308423057206245,-10.967756281274932,0.5853799428155907
-40.069516173324196,-14.46474452242937,-3.5695515741948043,0.9383583155271887
-37.29079508297909,-9.498105351284984,4.069759118402018,0.7908783636761171
7.435034628985207,-7.014576561366573,17.439692756105423,0.44516104194581196
-38.1605954000229,3.468234012120945,-4.870441620112258,0.5876584702628148
-2.2395002728300213,6.691314608218594,-5.719274043456117,0.1960325036147787
22.220584097536005,-11.217720685094502,19.335718237229045,0.4665165803572372
-3.4043304685832183,-3.2776123435762123,19.823455078523637,1.4338977115427154
-7.610464567133434,-6.1359098134070855,9.36549230817155,0.4430469585092732
22.35497295533129,4.413735996392035,19.911650417461146,1.5413565013177246
-37.20501575792979,7.462327338700948,-0.9508776178245242,1.4602168065380918
-28.720452471228306,-11.896850079727043,-7.129024124929275,1.6453304572468828
21.54297749043519,11.82070756297059,5.405995010498977,0.6903021045578274
4.084660091423757,-2.754918307929067,-11.130763546205502,1.0822818383764385
30.70564371502053,14.11025952164826,19.237053146734205,0.4360814243766886
26.854079081917362,-13.144526208741583,7.25146969448619,0.2858291381140972
-38.0596516626644,-10.039507363692854,5.281223080039979,1.0892245747891838
-38.52759458489342,-1.7756140772734952,10.81251550056745,1.9345866207339555
9.231354423891055,-11.847264840958031,-3.389541099939059,1.2205278448744694
-39.92870464233093,-4.097254030097506,14.17472502825865,0.4301373234891198
29.64341546284831,-16.135595137207524,0.5962082919080984,1.1642647961035089
30.776106001705372,15.471584092956995,6.725304599410773,1.8175156997881523
0.5654749091437523,3.9225899297116804,-17.76926610940512,1.4840014548357516
25.98012412361463,-13.217527661006159,-5.2344669214513395,1.6933367420562528
-38.824999315626314,-8.291193522674128,-7.866831782023409,0.49434246776103763
0.47945463151857126,13.980795396829976,-8.280577768430328,0.36399656666749924
19.08049731875535,-4.663743837516392,-13.213940498581582,0.11704619504686123
25.789950836710176,13.564895598487063,18.007022168913252,0.37626730632519
-26.946236386290593,-13.769069842638686,-5.177524943466478,1.5426501920233506
-37.38632413194001,-13.309245188779986,17.247594173916816,1.6730990332593263
-40.280966051533426,-7.926214092403164,15.491954579963846,0.6596410392494619
26.755491141047926,-14.94385095186042,-3.122798910797215,1.1566227720135598
8.71856035907362,-13.359396845923442,-6.55479285379279,0.5062247102781846
4.750186577098674,-7.037351747262976,-3.80382631749206,1.153230829929751
-38.73895857492346,-15.445380928273238,-11.896807333212562,0.8606360295344186
-29.2557234276648,9.80227002010498,13.790364360049438,0.27474562211395476
-2.9061937138897633,0.48097090356565886,3.7542738777795748,1.484352600724547
37.28908328270215,-14.511230944946861,-3.9152020551360422,0.5783836937698114
0.7585591596529895,-0.7755587071761312,-8.486293289654752,1.8357827559093618
-38.54590845685013,5.362870037792966,-0.6436085397100371,0.9987754811247835
33.47602656279183,-14.12431100162757,-13.94759871839205,1.0134986352234405
-40.646477843886714,-14.705107487809137,2.53717930854064,1.8753053280456558
-40.76362825207694,11.523907702472876,7.183160836980697,0.4985931159364817
-39.99550995325943,-7.048915030749512,4.193050330078361,1.1479730343550105
7.878197110819059,-11.893409004936352,3.679271210418875,0.3299696227572698
-29.69806091512318,-6.823307268314597,-7.2416156411107035,0.829076241036864
0.2563902092536452,7.551934535595308,8.458901165877055,1.8879357339157963
-31.27368720814505,5.55772254833531,3.9107890685163866,1.5068292794544171
37.687277181606134,-14.716743024387139,-11.057996566329544,1.4112220481650342
-10.326824183243616,-13.211943323757753,13.415146146111503,1.6047691709977112
20.076878434178525,-9.21350141910932,-0.6116951883829529,0.6452924314617042
-37.600197114179565,-10.395901821017683,1.3360860076667507,1.2572682825317045
-39.4675854997128,-4.434048101636769,9.434735095532638,0.19161311656558527
0.8146856553467572,3.0042347572320764,6.800204088698223,1.433882007569717
37.36183130416532,-14.471439104851335,5.475758588986572,1.928418370915982
-0.5772554347900396,0.7083070887634619,-9.322358440328502,1.7906843494693923
33.281078674325784,15.984293797512265,-14.935733399189193,1.5666999610694885
-27.832551138162827,-8.436146759972845,-19.616590815782892,0.3618462993950605
22.071288175033303,-11.220785195174482,2.5551724107809264,0.14681516746345105
-38.21005691758093,-8.851272546796435,-6.237936799409027,1.565774108212007
-24.658461099473193,-15.853885395410067,-2.85771377735788,1.0241172771489893
34.496140432975665,14.202315957171784,-13.129860324505893,0.986423859935826
-1.948970946424751,6.469582059489795,8.27063398104655,1.0943207836213047
24.5051981312711,-9.757774759484438,7.3942632387420275,1.2840994188233512
-39.588772987671966,13.301017607050198,0.2279368089600169,0.5270352917131724
-8.000536271365128,-10.725957037668252,-15.963229799338956,0.1818274263516933
32.76906752276868,-14.46764632620046,18.321001042482493,1.6920870222008695
4.323402553685192,-7.827258984407868,-5.189570886238286,1.4494300127476878
-10.500046326707775,-13.111980653456824,-16.748361854575037,1.394152355977281
0.8810893141180998,14.75931200799863,10.056594591932377,1.7359359871217024
7.0197864023013565,-12.61450476936867,3.29418788772319,1.0604590669982696
-39.19808271259083,4.721490220044416,16.808622655214684,1.6568130006552693
27.3497097518039,-15.677448522443521,10.105234818065163,1.6479568963584903
21.611626240240653,3.1558254418790526,-10.654920917131179,0.542272217714271
28.63924748529908,-13.140170045805451,-11.558105502596545,1.7925392259999013
-5.761308838548487,-7.319245086840496,-16.83201170354878,0.7931153408107777
21.228491683176415,-5.291196976363745,6.272297352010455,0.7757836488889498
27.499885851743116,-14.39332979618907,-3.9658698958782352,0.15341370309660562
-34.55348317138133,2.6786777659478034,-16.973689838776416,0.30416526606407746
21.338372236641234,-9.552149262809152,15.371215612542784,1.1717199503106592
-5.870975455210591,-5.307238871899234,17.454776377544484,0.7622808322938581
-4.58214687963126,-7.607505974191218,-3.713706136230897,1.7613447409588314
-37.42456398569529,-14.07168990155739,6.5550214447541855,1.6836417233991026
-39.17521759885145,-8.51232123829591,-9.555810586131726,1.355552549478485
26.71856543089227,-13.620387208772076,-13.826720135845285,1.4021759855982252
21.87941384775047,-10.045387228023817,-9.360656067146724,1.2170622916877862
19.4378206798241,-1.661775673902163,-1.9809203731648566,0.8006278745354798
-29.83244606644064,7.045191913777327,-9.783866927210987,1.4211567350654069
-39.377942722182155,-6.100250865620552,13.161239453463402,1.3240358893208846
-8.875768001206957,-12.176462585976184,-13.050612630449265,1.085540174813704
-6.239446217439067,-6.328082278325018,14.205149145031484,0.7601144361032326
-39.424858548319875,-14.621987104333918,8.01406580251415,1.4110670777843468
20.881651117715407,8.308802254941867,11.75227028772489,1.41594791189809
-4.101952796453162,-4.261101820555858,-19.53282658601858,0.6497117473950207
4.459334701316699,-2.2127000227422258,7.274195634985105,0.3889111704469167
0.4066568456660775,6.802914576873384,-16.413966071114892,0.4022569204876263
-39.68209914651003,10.275297347073149,-19.93555810347611,0.6409960573491622
-0.6681113641220264,7.901601081855198,9.754197192896036,0.5589114645063453
-33.39100893383094,1.5797339528130117,-12.019216233804002,0.224223040448925
-30.29991071748792,-4.665252205531669,-19.06678207315661,1.6012055648732606
22.517372975002758,-6.22244979649779,6.942626591352781,0.965531079367464
-22.22381702671231,-15.36458169187845,-14.876464137422696,0.2781302811837745
24.571322924472454,-13.37460552385501,-11.325552648052506,1.542304042275194
-27.693632091985442,10.311786639441191,-2.7235007079311018,0.6752083450745127
0.3810841382905892,2.358072401253814,16.711489919864405,1.4522429595337065
-41.24923202305745,-14.613817306601481,6.7112384371630185,0.2978779283638001
0.738197777799634,10.664062898889803,12.486307549215908,0.46739185754414436
-38.50949935037116,-12.205154382968722,-1.6483182621369785,1.3177680223321286
28.07277868078576,13.43501367219885,-17.74455808717553,1.3313616481952877
-25.70045470363019,12.99172210874628,-12.473522440942695,1.7202492246614403
34.93987566356542,-14.45325215274268,10.166007620180729,0.7704119951429651
19.222780800018853,0.19600225472340327,-1.1124148225448778,0.3934512339961096
-38.30955414015927,13.982410304836051,13.625910112340279,1.7626145664359154
-0.8691859386983936,4.83640195945123,-10.96303694779519,1.7260093992084358
-31.420781606437096,1.7725661583782468,8.33890078630813,0.8166456164121458
-38.58184646175808,6.097323347999108,-16.107953878040718,1.8840155820900526
-40.45985114785914,13.511521728146512,5.907581423067285,0.8510330650751837
-37.281228686403566,-4.3122584082625615,4.888542491492576,1.218630813496512
-28.119419577414874,10.988663990470577,-3.2409692510634542,0.7111438679291137
23.966616862513405,8.398309169665424,-14.933279200299294,0.23142345106837875
-5.202195832990128,-6.99559800901682,14.517274811927827,0.17524037433092238
-1.8390466006532762,12.888081687282337,-12.213010604638246,1.5154709622222866
-1.2493984590411316,2.0279359422820527,8.0827739763659,0.21156469788616442
18.5619545443193,-0.46811105478306203,-15.359233061111661,1.390852096435488
24.12430715558351,10.453716830162275,-10.10952810411962,1.2450786829975726
-37.21439697164585,-0.5980490963180252,7.341911332105688,1.6823359953547132
33.12692361674162,-16.546844330602042,9.972476096426295,0.8379452334909347
-4.163873577578869,-2.965188937119592,-17.72278667740025,1.5837278717066325
-41.8202945522479,-1.4548169815445178,19.467398203496238,0.3906650489210588
-29.222458113102125,-11.51120632743012,2.1069342820711228,1.6337191941901281
-39.051912579195864,-0.7473414483432315,-19.15739739214869,0.7688706196046436
-0.9130222703909538,2.803324086870848,-6.585364143178962,0.46999599481850607
24.323224061009014,13.666203102793204,13.94720809906758,1.5995876893754541
-2.1326563137541044,9.432605216061216,10.855486590789276,0.14405539719117824
-1.4664582555350307,11.356074218051312,-4.0398386737201,0.6397414789648811
-25.009058520264745,-14.193800013239052,6.4409585005713765,1.6205463022549367
-40.69449368734669,2.5830446621621626,10.489964605840314,1.3358400000094162
-2.9693813543493874,11.88944929244218,-10.261601574002963,0.4364247037291963
-38.22987420745743,5.251022542184096,-18.60938892169253,1.8575872150961694
-36.097214983768936,-1.4524818623452056,-11.04376249850712,1.8313657995658799
9.486514725840323,-15.088185959071932,13.132324460242579,1.673494355484872
33.666767436897274,-16.892887232288057,0.7256855474037849,0.8381013624985483
-24.500472889982824,14.594977031990268,-13.733568119381596,0.4569790915942292
20.12878488766198,-0.23181138307394988,-1.807980186416252,0.409401679644825
4.726663712501207,-8.083194840046973,-1.2233959261281342,1.5506955897905492
-38.74394297405156,-0.12062385326251146,14.935313763736204,1.2884769291962268
25.80215021510047,-11.05059801836023,-3.012206505899215,1.381223111373043
